model,fold,accuracy,precision,recall,f1,f2,mcc
LGB,0,0.9482758620689655,0.9657577679137603,0.963855421686747,0.9633581007074983,0.9633239660390519,0.9216098910540003
LDA,0,0.9137931034482758,0.9448642025730039,0.9397590361445783,0.9382502459328045,0.9382569237990923,0.8703170586535028
LR,0,0.9655172413793103,0.9767641996557659,0.9759036144578314,0.9756923799092473,0.9756694404107586,0.9475142485638552
GNB,0,0.9827586206896552,0.988170865279299,0.9879518072289156,0.9879013882667319,0.9878937644798135,0.9736335976357539
RF,0,0.9482758620689655,0.9657577679137603,0.963855421686747,0.9633581007074983,0.9633239660390519,0.9216098910540003
SVM,0,0.9827586206896552,0.988170865279299,0.9879518072289156,0.9879013882667319,0.9878937644798135,0.9736335976357539
LGB,1,0.9370129870129871,0.9405591715521088,0.9397590361445783,0.9400111309554975,0.9398239019129787,0.8667399619164846
LDA,1,0.9642857142857143,0.9767491016698373,0.9759036144578314,0.9756725313954229,0.9756590322993434,0.9465674698284022
LR,1,0.990909090909091,0.9883672621520566,0.9879518072289156,0.9880022261910995,0.987933719658881,0.9736335976357539
GNB,1,0.9818181818181818,0.9775100401606425,0.9759036144578314,0.9760959547000261,0.9758302673625938,0.9483638222717795
RF,1,0.9551948051948052,0.9638394849238222,0.963855421686747,0.9636896480269974,0.9637517853710746,0.9187804754209271
SVM,1,0.990909090909091,0.9883672621520566,0.9879518072289156,0.9880022261910995,0.987933719658881,0.9736335976357539
LGB,2,0.9543650793650793,0.9531894934333958,0.9512195121951219,0.9516003618071315,0.9512233576193234,0.8946404657076288
LDA,2,0.9728835978835979,0.975609756097561,0.975609756097561,0.975609756097561,0.975609756097561,0.9457671957671958
LR,2,0.9728835978835979,0.975609756097561,0.975609756097561,0.975609756097561,0.975609756097561,0.9457671957671958
GNB,2,0.9543650793650793,0.9531894934333958,0.9512195121951219,0.9516003618071315,0.9512233576193234,0.8946404657076288
RF,2,0.9821428571428572,0.9880266075388027,0.9878048780487805,0.9877499542301511,0.9877436903865442,0.9730124597112038
SVM,2,0.9728835978835979,0.975609756097561,0.975609756097561,0.975609756097561,0.975609756097561,0.9457671957671958
LGB,3,0.9550264550264551,0.9634064219430072,0.9634146341463414,0.9632498626904535,0.963310712243813,0.918288850865992
LDA,3,0.9464285714285714,0.9653401797175867,0.9634146341463414,0.962873596099551,0.9628541300252178,0.9197090092274487
LR,3,0.9821428571428572,0.9880266075388027,0.9878048780487805,0.9877499542301511,0.9877436903865442,0.9730124597112038
GNB,3,0.9728835978835979,0.975609756097561,0.975609756097561,0.975609756097561,0.975609756097561,0.9457671957671958
RF,3,0.9642857142857143,0.9764808362369338,0.975609756097561,0.9753798144042046,0.9753628386667498,0.9462600928208407
SVM,3,0.9636243386243386,0.9640255803989399,0.9634146341463414,0.9635645987546939,0.9634368193717531,0.9196767011018283
LGB,4,0.9728835978835979,0.975609756097561,0.975609756097561,0.975609756097561,0.975609756097561,0.9457671957671958
LDA,4,0.9193121693121693,0.9401283697047497,0.9390243902439024,0.9381226601659183,0.938330851985828,0.8638452027410407
LR,4,0.9728835978835979,0.975609756097561,0.975609756097561,0.975609756097561,0.975609756097561,0.9457671957671958
GNB,4,0.9365079365079365,0.9398257613025058,0.9390243902439024,0.939274331257823,0.9390877306700774,0.8658867656593533
RF,4,0.9728835978835979,0.975609756097561,0.975609756097561,0.975609756097561,0.975609756097561,0.9457671957671958
SVM,4,0.9728835978835979,0.975609756097561,0.975609756097561,0.975609756097561,0.975609756097561,0.9457671957671958
LGB,5,0.9482758620689655,0.9657577679137603,0.963855421686747,0.9633581007074983,0.9633239660390519,0.9216098910540003
LDA,5,0.9482758620689655,0.9657577679137603,0.963855421686747,0.9633581007074983,0.9633239660390519,0.9216098910540003
LR,5,0.9562579821200511,0.9638632451885464,0.963855421686747,0.9637041648001956,0.9637581692081981,0.9201867797761193
GNB,5,0.9482758620689655,0.9657577679137603,0.963855421686747,0.9633581007074983,0.9633239660390519,0.9216098910540003
RF,5,0.9482758620689655,0.9657577679137603,0.963855421686747,0.9633581007074983,0.9633239660390519,0.9216098910540003
SVM,5,0.9562579821200511,0.9638632451885464,0.963855421686747,0.9637041648001956,0.9637581692081981,0.9201867797761193
LGB,6,0.9639610389610389,0.9644632168520827,0.963855421686747,0.9640066785732986,0.9638788107859297,0.9201867797761193
LDA,6,0.9821428571428572,0.9881669535283992,0.9879518072289156,0.9878965493423325,0.9878911956867192,0.9731733281027651
LR,6,0.9730519480519481,0.9759036144578314,0.9759036144578314,0.9759036144578314,0.9759036144578314,0.9461038961038961
GNB,6,0.9548701298701299,0.953762218686065,0.9518072289156626,0.9521919094000523,0.9518153095278498,0.8953219103792204
RF,6,0.9457792207792208,0.9437277646566415,0.9397590361445783,0.9404460865798057,0.9397116437779087,0.8714202705941148
SVM,6,0.9730519480519481,0.9759036144578314,0.9759036144578314,0.9759036144578314,0.9759036144578314,0.9461038961038961
LGB,7,0.9821428571428572,0.9880266075388027,0.9878048780487805,0.9877499542301511,0.9877436903865442,0.9730124597112038
LDA,7,0.9642857142857143,0.9764808362369338,0.975609756097561,0.9753798144042046,0.9753628386667498,0.9462600928208407
LR,7,0.9821428571428572,0.9880266075388027,0.9878048780487805,0.9877499542301511,0.9877436903865442,0.9730124597112038
GNB,7,0.9464285714285714,0.9653401797175867,0.9634146341463414,0.962873596099551,0.9628541300252178,0.9197090092274487
RF,7,0.9550264550264551,0.9634064219430072,0.9634146341463414,0.9632498626904535,0.963310712243813,0.918288850865992
SVM,7,0.9550264550264551,0.9634064219430072,0.9634146341463414,0.9632498626904535,0.963310712243813,0.918288850865992
LGB,8,0.9728835978835979,0.975609756097561,0.975609756097561,0.975609756097561,0.975609756097561,0.9457671957671958
LDA,8,0.9107142857142857,0.9441918147995039,0.9390243902439024,0.9373844076806204,0.9374394350004105,0.8670732267977947
LR,8,0.9821428571428572,0.9880266075388027,0.9878048780487805,0.9877499542301511,0.9877436903865442,0.9730124597112038
GNB,8,0.9550264550264551,0.9634064219430072,0.9634146341463414,0.9632498626904535,0.963310712243813,0.918288850865992
RF,8,0.9728835978835979,0.975609756097561,0.975609756097561,0.975609756097561,0.975609756097561,0.9457671957671958
SVM,8,0.9457671957671958,0.9512195121951219,0.9512195121951219,0.9512195121951219,0.9512195121951219,0.8915343915343915
LGB,9,0.9642857142857143,0.9764808362369338,0.975609756097561,0.9753798144042046,0.9753628386667498,0.9462600928208407
LDA,9,0.9642857142857143,0.9764808362369338,0.975609756097561,0.9753798144042046,0.9753628386667498,0.9462600928208407
LR,9,0.9642857142857143,0.9764808362369338,0.975609756097561,0.9753798144042046,0.9753628386667498,0.9462600928208407
GNB,9,0.9821428571428572,0.9880266075388027,0.9878048780487805,0.9877499542301511,0.9877436903865442,0.9730124597112038
RF,9,0.9642857142857143,0.9764808362369338,0.975609756097561,0.9753798144042046,0.9753628386667498,0.9462600928208407
SVM,9,0.9821428571428572,0.9880266075388027,0.9878048780487805,0.9877499542301511,0.9877436903865442,0.9730124597112038
LGB,10,0.973499361430396,0.9759036144578314,0.9759036144578314,0.9759036144578314,0.9759036144578314,0.9469987228607918
LDA,10,1.0,1.0,1.0,1.0,1.0,1.0
LR,10,1.0,1.0,1.0,1.0,1.0,1.0
GNB,10,1.0,1.0,1.0,1.0,1.0,1.0
RF,10,0.973499361430396,0.9759036144578314,0.9759036144578314,0.9759036144578314,0.9759036144578314,0.9469987228607918
SVM,10,1.0,1.0,1.0,1.0,1.0,1.0
LGB,11,0.9461038961038961,0.9518072289156626,0.9518072289156626,0.9518072289156626,0.9518072289156626,0.8922077922077922
LDA,11,0.9285714285714286,0.955074535429855,0.9518072289156626,0.9507991480090402,0.9508114685179682,0.8938856062145641
LR,11,0.9464285714285714,0.9657249688408809,0.963855421686747,0.9633122572105084,0.9633002418749198,0.9201493774639478
GNB,11,0.9282467532467533,0.9395120163192452,0.9397590361445783,0.9394827467116623,0.9396123750554298,0.8643876227390891
RF,11,0.9282467532467533,0.9395120163192452,0.9397590361445783,0.9394827467116623,0.9396123750554298,0.8643876227390891
SVM,11,0.9730519480519481,0.9759036144578314,0.9759036144578314,0.9759036144578314,0.9759036144578314,0.9461038961038961
LGB,12,0.9371693121693122,0.9515880461002413,0.9512195121951219,0.9507596288084094,0.9508855238808142,0.890994189963783
LDA,12,0.9464285714285714,0.9653401797175867,0.9634146341463414,0.962873596099551,0.9628541300252178,0.9197090092274487
LR,12,0.9821428571428572,0.9880266075388027,0.9878048780487805,0.9877499542301511,0.9877436903865442,0.9730124597112038
GNB,12,0.9636243386243386,0.9640255803989399,0.9634146341463414,0.9635645987546939,0.9634368193717531,0.9196767011018283
RF,12,1.0,1.0,1.0,1.0,1.0,1.0
SVM,12,0.9821428571428572,0.9880266075388027,0.9878048780487805,0.9877499542301511,0.9877436903865442,0.9730124597112038
LGB,13,0.9543650793650793,0.9531894934333958,0.9512195121951219,0.9516003618071315,0.9512233576193234,0.8946404657076288
LDA,13,0.9642857142857143,0.9764808362369338,0.975609756097561,0.9753798144042046,0.9753628386667498,0.9462600928208407
LR,13,0.9636243386243386,0.9640255803989399,0.9634146341463414,0.9635645987546939,0.9634368193717531,0.9196767011018283
GNB,13,0.9814814814814814,0.9772357723577235,0.975609756097561,0.9758001809035657,0.9755328476135299,0.9480324003422907
RF,13,0.9814814814814814,0.9772357723577235,0.975609756097561,0.9758001809035657,0.9755328476135299,0.9480324003422907
SVM,13,0.9722222222222222,0.9669551534225018,0.9634146341463414,0.963822122482726,0.9632392819567388,0.9236052159781682
LGB,14,0.9642857142857143,0.9764808362369338,0.975609756097561,0.9753798144042046,0.9753628386667498,0.9462600928208407
LDA,14,0.9642857142857143,0.9764808362369338,0.975609756097561,0.9753798144042046,0.9753628386667498,0.9462600928208407
LR,14,0.9642857142857143,0.9764808362369338,0.975609756097561,0.9753798144042046,0.9753628386667498,0.9462600928208407
GNB,14,0.9642857142857143,0.9764808362369338,0.975609756097561,0.9753798144042046,0.9753628386667498,0.9462600928208407
RF,14,0.9642857142857143,0.9764808362369338,0.975609756097561,0.9753798144042046,0.9753628386667498,0.9462600928208407
SVM,14,0.9642857142857143,0.9764808362369338,0.975609756097561,0.9753798144042046,0.9753628386667498,0.9462600928208407
LGB,15,0.9827586206896552,0.988170865279299,0.9879518072289156,0.9879013882667319,0.9878937644798135,0.9736335976357539
LDA,15,0.9655172413793103,0.9767641996557659,0.9759036144578314,0.9756923799092473,0.9756694404107586,0.9475142485638552
LR,15,0.9655172413793103,0.9767641996557659,0.9759036144578314,0.9756923799092473,0.9756694404107586,0.9475142485638552
GNB,15,0.9655172413793103,0.9767641996557659,0.9759036144578314,0.9756923799092473,0.9756694404107586,0.9475142485638552
RF,15,0.9827586206896552,0.988170865279299,0.9879518072289156,0.9879013882667319,0.9878937644798135,0.9736335976357539
SVM,15,0.9827586206896552,0.988170865279299,0.9879518072289156,0.9879013882667319,0.9878937644798135,0.9736335976357539
LGB,16,0.9730519480519481,0.9759036144578314,0.9759036144578314,0.9759036144578314,0.9759036144578314,0.9461038961038961
LDA,16,0.9642857142857143,0.9767491016698373,0.9759036144578314,0.9756725313954229,0.9756590322993434,0.9465674698284022
LR,16,0.9642857142857143,0.9767491016698373,0.9759036144578314,0.9756725313954229,0.9756590322993434,0.9465674698284022
GNB,16,0.9821428571428572,0.9881669535283992,0.9879518072289156,0.9878965493423325,0.9878911956867192,0.9731733281027651
RF,16,0.9730519480519481,0.9759036144578314,0.9759036144578314,0.9759036144578314,0.9759036144578314,0.9461038961038961
SVM,16,0.9642857142857143,0.9767491016698373,0.9759036144578314,0.9756725313954229,0.9756590322993434,0.9465674698284022
LGB,17,0.9636243386243386,0.9640255803989399,0.9634146341463414,0.9635645987546939,0.9634368193717531,0.9196767011018283
LDA,17,0.9279100529100529,0.938786236347212,0.9390243902439024,0.9387497711507556,0.9388777341010819,0.8635652420207802
LR,17,0.9457671957671958,0.9512195121951219,0.9512195121951219,0.9512195121951219,0.9512195121951219,0.8915343915343915
GNB,17,0.9272486772486772,0.9291432145090681,0.926829268292683,0.9274005427106972,0.9269138676251174,0.8412485310729668
RF,17,0.9636243386243386,0.9640255803989399,0.9634146341463414,0.9635645987546939,0.9634368193717531,0.9196767011018283
SVM,17,0.9543650793650793,0.9531894934333958,0.9512195121951219,0.9516003618071315,0.9512233576193234,0.8946404657076288
LGB,18,0.9821428571428572,0.9880266075388027,0.9878048780487805,0.9877499542301511,0.9877436903865442,0.9730124597112038
LDA,18,0.9464285714285714,0.9653401797175867,0.9634146341463414,0.962873596099551,0.9628541300252178,0.9197090092274487
LR,18,0.9821428571428572,0.9880266075388027,0.9878048780487805,0.9877499542301511,0.9877436903865442,0.9730124597112038
GNB,18,0.9457671957671958,0.9512195121951219,0.9512195121951219,0.9512195121951219,0.9512195121951219,0.8915343915343915
RF,18,0.9550264550264551,0.9634064219430072,0.9634146341463414,0.9632498626904535,0.963310712243813,0.918288850865992
SVM,18,0.9728835978835979,0.975609756097561,0.975609756097561,0.975609756097561,0.975609756097561,0.9457671957671958
LGB,19,0.9464285714285714,0.9653401797175867,0.9634146341463414,0.962873596099551,0.9628541300252178,0.9197090092274487
LDA,19,0.9464285714285714,0.9653401797175867,0.9634146341463414,0.962873596099551,0.9628541300252178,0.9197090092274487
LR,19,0.9642857142857143,0.9764808362369338,0.975609756097561,0.9753798144042046,0.9753628386667498,0.9462600928208407
GNB,19,0.9550264550264551,0.9634064219430072,0.9634146341463414,0.9632498626904535,0.963310712243813,0.918288850865992
RF,19,0.9821428571428572,0.9880266075388027,0.9878048780487805,0.9877499542301511,0.9877436903865442,0.9730124597112038
SVM,19,0.9642857142857143,0.9764808362369338,0.975609756097561,0.9753798144042046,0.9753628386667498,0.9462600928208407
LGB,20,0.9642401021711366,0.9644313101462454,0.963855421686747,0.9639928317737925,0.9638738280514224,0.9214461620904588
LDA,20,1.0,1.0,1.0,1.0,1.0,1.0
LR,20,1.0,1.0,1.0,1.0,1.0,1.0
GNB,20,0.9642401021711366,0.9644313101462454,0.963855421686747,0.9639928317737925,0.9638738280514224,0.9214461620904588
RF,20,1.0,1.0,1.0,1.0,1.0,1.0
SVM,20,0.9827586206896552,0.988170865279299,0.9879518072289156,0.9879013882667319,0.9878937644798135,0.9736335976357539
LGB,21,0.9464285714285714,0.9657249688408809,0.963855421686747,0.9633122572105084,0.9633002418749198,0.9201493774639478
LDA,21,0.9285714285714286,0.955074535429855,0.9518072289156626,0.9507991480090402,0.9508114685179682,0.8938856062145641
LR,21,0.9642857142857143,0.9767491016698373,0.9759036144578314,0.9756725313954229,0.9756590322993434,0.9465674698284022
GNB,21,0.9285714285714286,0.955074535429855,0.9518072289156626,0.9507991480090402,0.9508114685179682,0.8938856062145641
RF,21,0.9285714285714286,0.955074535429855,0.9518072289156626,0.9507991480090402,0.9508114685179682,0.8938856062145641
SVM,21,0.9285714285714286,0.955074535429855,0.9518072289156626,0.9507991480090402,0.9508114685179682,0.8938856062145641
LGB,22,0.9550264550264551,0.9634064219430072,0.9634146341463414,0.9632498626904535,0.963310712243813,0.918288850865992
LDA,22,0.9107142857142857,0.9441918147995039,0.9390243902439024,0.9373844076806204,0.9374394350004105,0.8670732267977947
LR,22,0.9464285714285714,0.9653401797175867,0.9634146341463414,0.962873596099551,0.9628541300252178,0.9197090092274487
GNB,22,0.9550264550264551,0.9634064219430072,0.9634146341463414,0.9632498626904535,0.963310712243813,0.918288850865992
RF,22,0.9464285714285714,0.9653401797175867,0.9634146341463414,0.962873596099551,0.9628541300252178,0.9197090092274487
SVM,22,0.9371693121693122,0.9515880461002413,0.9512195121951219,0.9507596288084094,0.9508855238808142,0.890994189963783
LGB,23,0.9636243386243386,0.9640255803989399,0.9634146341463414,0.9635645987546939,0.9634368193717531,0.9196767011018283
LDA,23,0.9642857142857143,0.9764808362369338,0.975609756097561,0.9753798144042046,0.9753628386667498,0.9462600928208407
LR,23,0.9642857142857143,0.9764808362369338,0.975609756097561,0.9753798144042046,0.9753628386667498,0.9462600928208407
GNB,23,0.9543650793650793,0.9531894934333958,0.9512195121951219,0.9516003618071315,0.9512233576193234,0.8946404657076288
RF,23,0.9272486772486772,0.9291432145090681,0.926829268292683,0.9274005427106972,0.9269138676251174,0.8412485310729668
SVM,23,0.9642857142857143,0.9764808362369338,0.975609756097561,0.9753798144042046,0.9753628386667498,0.9462600928208407
LGB,24,0.9728835978835979,0.975609756097561,0.975609756097561,0.975609756097561,0.975609756097561,0.9457671957671958
LDA,24,0.9821428571428572,0.9880266075388027,0.9878048780487805,0.9877499542301511,0.9877436903865442,0.9730124597112038
LR,24,0.9907407407407407,0.9882253994953744,0.9878048780487805,0.9878548662515645,0.9877859080734286,0.9734666365443033
GNB,24,0.9636243386243386,0.9640255803989399,0.9634146341463414,0.9635645987546939,0.9634368193717531,0.9196767011018283
RF,24,0.9728835978835979,0.975609756097561,0.975609756097561,0.975609756097561,0.975609756097561,0.9457671957671958
SVM,24,0.9907407407407407,0.9882253994953744,0.9878048780487805,0.9878548662515645,0.9877859080734286,0.9734666365443033
LGB,25,0.9562579821200511,0.9638632451885464,0.963855421686747,0.9637041648001956,0.9637581692081981,0.9201867797761193
LDA,25,0.9827586206896552,0.988170865279299,0.9879518072289156,0.9879013882667319,0.9878937644798135,0.9736335976357539
LR,25,0.973499361430396,0.9759036144578314,0.9759036144578314,0.9759036144578314,0.9759036144578314,0.9469987228607918
GNB,25,0.9457215836526182,0.9435683912119064,0.9397590361445783,0.9403797861234163,0.9396895203041135,0.8732316379986372
RF,25,0.9642401021711366,0.9644313101462454,0.963855421686747,0.9639928317737925,0.9638738280514224,0.9214461620904588
SVM,25,0.9642401021711366,0.9644313101462454,0.963855421686747,0.9639928317737925,0.9638738280514224,0.9214461620904588
LGB,26,0.9730519480519481,0.9759036144578314,0.9759036144578314,0.9759036144578314,0.9759036144578314,0.9461038961038961
LDA,26,0.9642857142857143,0.9767491016698373,0.9759036144578314,0.9756725313954229,0.9756590322993434,0.9465674698284022
LR,26,0.9639610389610389,0.9644632168520827,0.963855421686747,0.9640066785732986,0.9638788107859297,0.9201867797761193
GNB,26,0.9730519480519481,0.9759036144578314,0.9759036144578314,0.9759036144578314,0.9759036144578314,0.9461038961038961
RF,26,0.9821428571428572,0.9881669535283992,0.9879518072289156,0.9878965493423325,0.9878911956867192,0.9731733281027651
SVM,26,0.9730519480519481,0.9759036144578314,0.9759036144578314,0.9759036144578314,0.9759036144578314,0.9461038961038961
LGB,27,0.9550264550264551,0.9634064219430072,0.9634146341463414,0.9632498626904535,0.963310712243813,0.918288850865992
LDA,27,0.9642857142857143,0.9764808362369338,0.975609756097561,0.9753798144042046,0.9753628386667498,0.9462600928208407
LR,27,0.9821428571428572,0.9880266075388027,0.9878048780487805,0.9877499542301511,0.9877436903865442,0.9730124597112038
GNB,27,0.9550264550264551,0.9634064219430072,0.9634146341463414,0.9632498626904535,0.963310712243813,0.918288850865992
RF,27,0.9636243386243386,0.9640255803989399,0.9634146341463414,0.9635645987546939,0.9634368193717531,0.9196767011018283
SVM,27,0.9457671957671958,0.9512195121951219,0.9512195121951219,0.9512195121951219,0.9512195121951219,0.8915343915343915
LGB,28,0.9821428571428572,0.9880266075388027,0.9878048780487805,0.9877499542301511,0.9877436903865442,0.9730124597112038
LDA,28,0.9642857142857143,0.9764808362369338,0.975609756097561,0.9753798144042046,0.9753628386667498,0.9462600928208407
LR,28,0.9642857142857143,0.9764808362369338,0.975609756097561,0.9753798144042046,0.9753628386667498,0.9462600928208407
GNB,28,0.9821428571428572,0.9880266075388027,0.9878048780487805,0.9877499542301511,0.9877436903865442,0.9730124597112038
RF,28,0.9821428571428572,0.9880266075388027,0.9878048780487805,0.9877499542301511,0.9877436903865442,0.9730124597112038
SVM,28,0.9642857142857143,0.9764808362369338,0.975609756097561,0.9753798144042046,0.9753628386667498,0.9462600928208407
LGB,29,0.9464285714285714,0.9653401797175867,0.9634146341463414,0.962873596099551,0.9628541300252178,0.9197090092274487
LDA,29,0.9285714285714286,0.9545836837678723,0.9512195121951219,0.9502144197266149,0.9502141607933898,0.8933250005738372
LR,29,0.9464285714285714,0.9653401797175867,0.9634146341463414,0.962873596099551,0.9628541300252178,0.9197090092274487
GNB,29,0.9285714285714286,0.9545836837678723,0.9512195121951219,0.9502144197266149,0.9502141607933898,0.8933250005738372
RF,29,0.9464285714285714,0.9653401797175867,0.9634146341463414,0.962873596099551,0.9628541300252178,0.9197090092274487
SVM,29,0.9285714285714286,0.9545836837678723,0.9512195121951219,0.9502144197266149,0.9502141607933898,0.8933250005738372
LGB,30,0.9642401021711366,0.9644313101462454,0.963855421686747,0.9639928317737925,0.9638738280514224,0.9214461620904588
LDA,30,0.973499361430396,0.9759036144578314,0.9759036144578314,0.9759036144578314,0.9759036144578314,0.9469987228607918
LR,30,0.9907407407407407,0.9883534136546185,0.9879518072289156,0.9879976105912641,0.9879324805460064,0.9740459086196941
GNB,30,0.9907407407407407,0.9883534136546185,0.9879518072289156,0.9879976105912641,0.9879324805460064,0.9740459086196941
RF,30,0.9907407407407407,0.9883534136546185,0.9879518072289156,0.9879976105912641,0.9879324805460064,0.9740459086196941
SVM,30,0.9907407407407407,0.9883534136546185,0.9879518072289156,0.9879976105912641,0.9879324805460064,0.9740459086196941
LGB,31,0.9642857142857143,0.9767491016698373,0.9759036144578314,0.9756725313954229,0.9756590322993434,0.9465674698284022
LDA,31,0.9642857142857143,0.9767491016698373,0.9759036144578314,0.9756725313954229,0.9756590322993434,0.9465674698284022
LR,31,0.9821428571428572,0.9881669535283992,0.9879518072289156,0.9878965493423325,0.9878911956867192,0.9731733281027651
GNB,31,0.9461038961038961,0.9518072289156626,0.9518072289156626,0.9518072289156626,0.9518072289156626,0.8922077922077922
RF,31,0.9551948051948052,0.9638394849238222,0.963855421686747,0.9636896480269974,0.9637517853710746,0.9187804754209271
SVM,31,0.9821428571428572,0.9881669535283992,0.9879518072289156,0.9878965493423325,0.9878911956867192,0.9731733281027651
LGB,32,0.9457671957671958,0.9512195121951219,0.9512195121951219,0.9512195121951219,0.9512195121951219,0.8915343915343915
LDA,32,0.9642857142857143,0.9764808362369338,0.975609756097561,0.9753798144042046,0.9753628386667498,0.9462600928208407
LR,32,0.9550264550264551,0.9634064219430072,0.9634146341463414,0.9632498626904535,0.963310712243813,0.918288850865992
GNB,32,0.9550264550264551,0.9634064219430072,0.9634146341463414,0.9632498626904535,0.963310712243813,0.918288850865992
RF,32,0.9550264550264551,0.9634064219430072,0.9634146341463414,0.9632498626904535,0.963310712243813,0.918288850865992
SVM,32,0.9365079365079365,0.9398257613025058,0.9390243902439024,0.939274331257823,0.9390877306700774,0.8658867656593533
LGB,33,0.9464285714285714,0.9653401797175867,0.9634146341463414,0.962873596099551,0.9628541300252178,0.9197090092274487
LDA,33,0.9550264550264551,0.9634064219430072,0.9634146341463414,0.9632498626904535,0.963310712243813,0.918288850865992
LR,33,0.9550264550264551,0.9634064219430072,0.9634146341463414,0.9632498626904535,0.963310712243813,0.918288850865992
GNB,33,0.9642857142857143,0.9764808362369338,0.975609756097561,0.9753798144042046,0.9753628386667498,0.9462600928208407
RF,33,0.9642857142857143,0.9764808362369338,0.975609756097561,0.9753798144042046,0.9753628386667498,0.9462600928208407
SVM,33,0.9636243386243386,0.9640255803989399,0.9634146341463414,0.9635645987546939,0.9634368193717531,0.9196767011018283
LGB,34,0.9457671957671958,0.9512195121951219,0.9512195121951219,0.9512195121951219,0.9512195121951219,0.8915343915343915
LDA,34,0.9464285714285714,0.9653401797175867,0.9634146341463414,0.962873596099551,0.9628541300252178,0.9197090092274487
LR,34,0.9371693121693122,0.9515880461002413,0.9512195121951219,0.9507596288084094,0.9508855238808142,0.890994189963783
GNB,34,0.9550264550264551,0.9634064219430072,0.9634146341463414,0.9632498626904535,0.963310712243813,0.918288850865992
RF,34,0.9457671957671958,0.9512195121951219,0.9512195121951219,0.9512195121951219,0.9512195121951219,0.8915343915343915
SVM,34,0.9371693121693122,0.9515880461002413,0.9512195121951219,0.9507596288084094,0.9508855238808142,0.890994189963783
LGB,35,0.9562579821200511,0.9638632451885464,0.963855421686747,0.9637041648001956,0.9637581692081981,0.9201867797761193
LDA,35,0.9217752234993615,0.9409053216916249,0.9397590361445783,0.9389301678458304,0.939105438935746,0.8671272550443976
LR,35,0.9655172413793103,0.9767641996557659,0.9759036144578314,0.9756923799092473,0.9756694404107586,0.9475142485638552
GNB,35,0.973499361430396,0.9759036144578314,0.9759036144578314,0.9759036144578314,0.9759036144578314,0.9469987228607918
RF,35,0.973499361430396,0.9759036144578314,0.9759036144578314,0.9759036144578314,0.9759036144578314,0.9469987228607918
SVM,35,0.973499361430396,0.9759036144578314,0.9759036144578314,0.9759036144578314,0.9759036144578314,0.9469987228607918
LGB,36,0.9461038961038961,0.9518072289156626,0.9518072289156626,0.9518072289156626,0.9518072289156626,0.8922077922077922
LDA,36,0.9107142857142857,0.9447791164658633,0.9397590361445783,0.938115633891063,0.9381892649964938,0.867742006863901
LR,36,0.9282467532467533,0.9395120163192452,0.9397590361445783,0.9394827467116623,0.9396123750554298,0.8643876227390891
GNB,36,0.9012987012987013,0.9151845477146683,0.9156626506024096,0.9152758453963273,0.9154729647397849,0.809994770057251
RF,36,0.9461038961038961,0.9518072289156626,0.9518072289156626,0.9518072289156626,0.9518072289156626,0.8922077922077922
SVM,36,0.9461038961038961,0.9518072289156626,0.9518072289156626,0.9518072289156626,0.9518072289156626,0.8922077922077922
LGB,37,0.9728835978835979,0.975609756097561,0.975609756097561,0.975609756097561,0.975609756097561,0.9457671957671958
LDA,37,0.9642857142857143,0.9764808362369338,0.975609756097561,0.9753798144042046,0.9753628386667498,0.9462600928208407
LR,37,0.9728835978835979,0.975609756097561,0.975609756097561,0.975609756097561,0.975609756097561,0.9457671957671958
GNB,37,0.9907407407407407,0.9882253994953744,0.9878048780487805,0.9878548662515645,0.9877859080734286,0.9734666365443033
RF,37,0.9907407407407407,0.9882253994953744,0.9878048780487805,0.9878548662515645,0.9877859080734286,0.9734666365443033
SVM,37,1.0,1.0,1.0,1.0,1.0,1.0
LGB,38,0.9821428571428572,0.9880266075388027,0.9878048780487805,0.9877499542301511,0.9877436903865442,0.9730124597112038
LDA,38,0.9464285714285714,0.9653401797175867,0.9634146341463414,0.962873596099551,0.9628541300252178,0.9197090092274487
LR,38,0.9642857142857143,0.9764808362369338,0.975609756097561,0.9753798144042046,0.9753628386667498,0.9462600928208407
GNB,38,0.9636243386243386,0.9640255803989399,0.9634146341463414,0.9635645987546939,0.9634368193717531,0.9196767011018283
RF,38,0.9821428571428572,0.9880266075388027,0.9878048780487805,0.9877499542301511,0.9877436903865442,0.9730124597112038
SVM,38,0.9642857142857143,0.9764808362369338,0.975609756097561,0.9753798144042046,0.9753628386667498,0.9462600928208407
LGB,39,0.9642857142857143,0.9764808362369338,0.975609756097561,0.9753798144042046,0.9753628386667498,0.9462600928208407
LDA,39,0.9464285714285714,0.9653401797175867,0.9634146341463414,0.962873596099551,0.9628541300252178,0.9197090092274487
LR,39,0.9821428571428572,0.9880266075388027,0.9878048780487805,0.9877499542301511,0.9877436903865442,0.9730124597112038
GNB,39,0.9642857142857143,0.9764808362369338,0.975609756097561,0.9753798144042046,0.9753628386667498,0.9462600928208407
RF,39,0.9642857142857143,0.9764808362369338,0.975609756097561,0.9753798144042046,0.9753628386667498,0.9462600928208407
SVM,39,0.9642857142857143,0.9764808362369338,0.975609756097561,0.9753798144042046,0.9753628386667498,0.9462600928208407
LGB,40,0.9125159642401022,0.9276470963217952,0.927710843373494,0.9270771397277422,0.9273168362466733,0.8396353972184506
LDA,40,0.9137931034482758,0.9448642025730039,0.9397590361445783,0.9382502459328045,0.9382569237990923,0.8703170586535028
LR,40,0.9482758620689655,0.9657577679137603,0.963855421686747,0.9633581007074983,0.9633239660390519,0.9216098910540003
GNB,40,0.9217752234993615,0.9409053216916249,0.9397590361445783,0.9389301678458304,0.939105438935746,0.8671272550443976
RF,40,0.9032567049808429,0.9152480050070412,0.9156626506024096,0.9153097178671228,0.9154869786649673,0.8132931440568499
SVM,40,0.9482758620689655,0.9657577679137603,0.963855421686747,0.9633581007074983,0.9633239660390519,0.9216098910540003
LGB,41,0.9730519480519481,0.9759036144578314,0.9759036144578314,0.9759036144578314,0.9759036144578314,0.9461038961038961
LDA,41,0.9285714285714286,0.955074535429855,0.9518072289156626,0.9507991480090402,0.9508114685179682,0.8938856062145641
LR,41,0.9821428571428572,0.9881669535283992,0.9879518072289156,0.9878965493423325,0.9878911956867192,0.9731733281027651
GNB,41,0.9639610389610389,0.9644632168520827,0.963855421686747,0.9640066785732986,0.9638788107859297,0.9201867797761193
RF,41,0.9730519480519481,0.9759036144578314,0.9759036144578314,0.9759036144578314,0.9759036144578314,0.9461038961038961
SVM,41,0.9642857142857143,0.9767491016698373,0.9759036144578314,0.9756725313954229,0.9756590322993434,0.9465674698284022
LGB,42,0.9722222222222222,0.9669551534225018,0.9634146341463414,0.963822122482726,0.9632392819567388,0.9236052159781682
LDA,42,0.8921957671957672,0.9149165596919127,0.9146341463414634,0.9133717242322857,0.9138075739464381,0.8079813962546327
LR,42,0.9279100529100529,0.938786236347212,0.9390243902439024,0.9387497711507556,0.9388777341010819,0.8635652420207802
GNB,42,0.9457671957671958,0.9512195121951219,0.9512195121951219,0.9512195121951219,0.9512195121951219,0.8915343915343915
RF,42,0.9728835978835979,0.975609756097561,0.975609756097561,0.975609756097561,0.975609756097561,0.9457671957671958
SVM,42,0.962962962962963,0.9573170731707317,0.9512195121951219,0.9519074421513446,0.9509036819691506,0.9001028747788694
LGB,43,0.9821428571428572,0.9880266075388027,0.9878048780487805,0.9877499542301511,0.9877436903865442,0.9730124597112038
LDA,43,0.9821428571428572,0.9880266075388027,0.9878048780487805,0.9877499542301511,0.9877436903865442,0.9730124597112038
LR,43,0.9821428571428572,0.9880266075388027,0.9878048780487805,0.9877499542301511,0.9877436903865442,0.9730124597112038
GNB,43,0.9728835978835979,0.975609756097561,0.975609756097561,0.975609756097561,0.975609756097561,0.9457671957671958
RF,43,0.9728835978835979,0.975609756097561,0.975609756097561,0.975609756097561,0.975609756097561,0.9457671957671958
SVM,43,0.9821428571428572,0.9880266075388027,0.9878048780487805,0.9877499542301511,0.9877436903865442,0.9730124597112038
LGB,44,0.9907407407407407,0.9882253994953744,0.9878048780487805,0.9878548662515645,0.9877859080734286,0.9734666365443033
LDA,44,0.9821428571428572,0.9880266075388027,0.9878048780487805,0.9877499542301511,0.9877436903865442,0.9730124597112038
LR,44,1.0,1.0,1.0,1.0,1.0,1.0
GNB,44,1.0,1.0,1.0,1.0,1.0,1.0
RF,44,0.9728835978835979,0.975609756097561,0.975609756097561,0.975609756097561,0.975609756097561,0.9457671957671958
SVM,44,1.0,1.0,1.0,1.0,1.0,1.0
LGB,45,0.9297573435504469,0.9395556250977937,0.9397590361445783,0.939506941333659,0.9396225739365827,0.8667399619164846
LDA,45,0.9482758620689655,0.9657577679137603,0.963855421686747,0.9633581007074983,0.9633239660390519,0.9216098910540003
LR,45,0.9642401021711366,0.9644313101462454,0.963855421686747,0.9639928317737925,0.9638738280514224,0.9214461620904588
GNB,45,0.9390166028097062,0.9522056479887805,0.9518072289156626,0.9513847598184949,0.9514931383287158,0.8935748228911529
RF,45,0.9297573435504469,0.9395556250977937,0.9397590361445783,0.939506941333659,0.9396225739365827,0.8667399619164846
SVM,45,0.9549808429118773,0.95367574516428,0.9518072289156626,0.9521557929832537,0.951802947397265,0.896884392956702
LGB,46,0.9285714285714286,0.955074535429855,0.9518072289156626,0.9507991480090402,0.9508114685179682,0.8938856062145641
LDA,46,0.9107142857142857,0.9447791164658633,0.9397590361445783,0.938115633891063,0.9381892649964938,0.867742006863901
LR,46,0.9464285714285714,0.9657249688408809,0.963855421686747,0.9633122572105084,0.9633002418749198,0.9201493774639478
GNB,46,0.9551948051948052,0.9638394849238222,0.963855421686747,0.9636896480269974,0.9637517853710746,0.9187804754209271
RF,46,0.9642857142857143,0.9767491016698373,0.9759036144578314,0.9756725313954229,0.9756590322993434,0.9465674698284022
SVM,46,0.9373376623376624,0.9521486756743573,0.9518072289156626,0.951345062790846,0.9514750258292628,0.8916268404607398
LGB,47,0.9457671957671958,0.9512195121951219,0.9512195121951219,0.9512195121951219,0.9512195121951219,0.8915343915343915
LDA,47,1.0,1.0,1.0,1.0,1.0,1.0
LR,47,0.9907407407407407,0.9882253994953744,0.9878048780487805,0.9878548662515645,0.9877859080734286,0.9734666365443033
GNB,47,0.9636243386243386,0.9640255803989399,0.9634146341463414,0.9635645987546939,0.9634368193717531,0.9196767011018283
RF,47,0.9636243386243386,0.9640255803989399,0.9634146341463414,0.9635645987546939,0.9634368193717531,0.9196767011018283
SVM,47,0.9907407407407407,0.9882253994953744,0.9878048780487805,0.9878548662515645,0.9877859080734286,0.9734666365443033
LGB,48,0.9550264550264551,0.9634064219430072,0.9634146341463414,0.9632498626904535,0.963310712243813,0.918288850865992
LDA,48,0.9464285714285714,0.9653401797175867,0.9634146341463414,0.962873596099551,0.9628541300252178,0.9197090092274487
LR,48,0.9821428571428572,0.9880266075388027,0.9878048780487805,0.9877499542301511,0.9877436903865442,0.9730124597112038
GNB,48,0.9821428571428572,0.9880266075388027,0.9878048780487805,0.9877499542301511,0.9877436903865442,0.9730124597112038
RF,48,0.9642857142857143,0.9764808362369338,0.975609756097561,0.9753798144042046,0.9753628386667498,0.9462600928208407
SVM,48,0.9821428571428572,0.9880266075388027,0.9878048780487805,0.9877499542301511,0.9877436903865442,0.9730124597112038
LGB,49,0.9821428571428572,0.9880266075388027,0.9878048780487805,0.9877499542301511,0.9877436903865442,0.9730124597112038
LDA,49,0.9821428571428572,0.9880266075388027,0.9878048780487805,0.9877499542301511,0.9877436903865442,0.9730124597112038
LR,49,0.9821428571428572,0.9880266075388027,0.9878048780487805,0.9877499542301511,0.9877436903865442,0.9730124597112038
GNB,49,0.9728835978835979,0.975609756097561,0.975609756097561,0.975609756097561,0.975609756097561,0.9457671957671958
RF,49,0.9728835978835979,0.975609756097561,0.975609756097561,0.975609756097561,0.975609756097561,0.9457671957671958
SVM,49,0.9821428571428572,0.9880266075388027,0.9878048780487805,0.9877499542301511,0.9877436903865442,0.9730124597112038
